Date;Open;High;Low;Close;Volume;Dividends;Stock Splits
2021-12-17;71.91999816894531;72.26000213623047;69.88999938964844;70.86000061035156;78125;0.0;0.0
2021-12-20;70.06999969482422;70.06999969482422;66.04000091552734;68.2300033569336;492217;0.0;0.0
2021-12-21;69.20999908447266;71.55000305175781;68.55999755859375;71.12000274658203;358779;0.0;0.0
2021-12-22;71.2699966430664;73.16000366210938;70.80000305175781;72.76000213623047;306709;0.0;0.0
2021-12-23;73.02999877929688;73.94999694824219;72.2699966430664;73.79000091552734;270223;0.0;0.0
2021-12-27;73.37999725341797;76.08999633789062;72.56999969482422;75.56999969482422;268490;0.0;0.0
2021-12-28;75.97000122070312;76.91999816894531;75.52999877929688;75.9800033569336;249728;0.0;0.0
2021-12-29;76.04000091552734;77.37000274658203;75.36000061035156;76.55999755859375;283557;0.0;0.0
2021-12-30;76.58000183105469;77.44000244140625;75.77999877929688;76.98999786376953;231163;0.0;0.0
2021-12-31;76.66000366210938;77.08000183105469;74.94999694824219;75.20999908447266;237118;0.0;0.0
2022-01-03;75.69000244140625;76.45999908447266;74.2699966430664;76.08000183105469;317628;0.0;0.0
2022-01-04;76.0199966430664;77.63999938964844;75.69999694824219;76.98999786376953;372848;0.0;0.0
2022-01-05;77.18000030517578;78.58000183105469;76.51000213623047;77.8499984741211;397898;0.0;0.0
2022-01-06;77.23999786376953;80.23999786376953;76.7300033569336;79.45999908447266;476665;0.0;0.0
2022-01-07;79.62000274658203;80.47000122070312;78.5199966430664;78.9000015258789;414434;0.0;0.0
2022-01-10;78.87999725341797;79.44999694824219;77.83000183105469;78.2300033569336;389956;0.0;0.0
2022-01-11;78.41999816894531;81.58999633789062;78.36000061035156;81.22000122070312;481815;0.0;0.0
2022-01-12;81.37999725341797;83.0999984741211;81.16999816894531;82.63999938964844;420619;0.0;0.0
2022-01-13;82.81999969482422;82.94000244140625;81.38999938964844;82.12000274658203;364769;0.0;0.0
2022-01-14;81.7300033569336;84.44999694824219;81.58000183105469;83.81999969482422;364442;0.0;0.0
2022-01-18;84.31999969482422;86.62999725341797;83.5;85.43000030517578;163643;0.0;0.0
2022-01-19;86.61000061035156;87.91000366210938;85.7699966430664;86.95999908447266;113153;0.0;0.0
2022-01-20;86.2300033569336;87.81999969482422;86.0;86.9000015258789;532202;0.0;0.0
2022-01-21;84.56999969482422;85.55999755859375;82.77999877929688;85.13999938964844;509103;0.0;0.0
2022-01-24;84.91000366210938;86.08999633789062;81.9000015258789;83.30999755859375;511695;0.0;0.0
2022-01-25;84.1500015258789;85.70999908447266;82.98999786376953;85.5999984741211;507219;0.0;0.0
2022-01-26;85.26000213623047;87.94999694824219;85.01000213623047;87.3499984741211;459642;0.0;0.0
2022-01-27;87.1500015258789;88.54000091552734;86.19999694824219;86.61000061035156;427804;0.0;0.0
2022-01-28;87.5;88.83999633789062;86.44000244140625;86.81999969482422;436172;0.0;0.0
2022-01-31;87.44999694824219;88.38999938964844;86.33999633789062;88.1500015258789;359080;0.0;0.0
2022-02-01;88.1500015258789;88.87000274658203;86.55000305175781;88.19999694824219;376841;0.0;0.0
2022-02-02;88.3499984741211;89.72000122070312;87.0999984741211;88.26000213623047;456863;0.0;0.0
2022-02-03;87.9800033569336;90.44999694824219;86.75;90.2699966430664;465771;0.0;0.0
2022-02-04;90.19000244140625;93.16999816894531;90.06999969482422;92.30999755859375;410926;0.0;0.0
2022-02-07;91.81999969482422;92.7300033569336;90.7300033569336;91.31999969482422;497754;0.0;0.0
2022-02-08;91.63999938964844;91.68000030517578;88.51000213623047;89.36000061035156;467386;0.0;0.0
2022-02-09;89.86000061035156;90.58000183105469;88.41000366210938;89.66000366210938;445618;0.0;0.0
2022-02-10;90.01000213623047;91.73999786376953;89.02999877929688;89.87999725341797;492091;0.0;0.0
2022-02-11;90.0;94.66000366210938;89.19000244140625;93.0999984741211;554423;0.0;0.0
2022-02-14;93.91000366210938;95.81999969482422;92.08999633789062;95.45999908447266;467071;0.0;0.0
2022-02-15;94.83000183105469;95.16999816894531;90.66000366210938;92.06999969482422;442641;0.0;0.0
2022-02-16;92.20999908447266;95.01000213623047;90.0;93.66000366210938;401453;0.0;0.0
2022-02-17;90.9000015258789;93.36000061035156;90.62000274658203;91.76000213623047;212552;0.0;0.0
2022-02-18;91.62999725341797;92.66000366210938;89.02999877929688;91.06999969482422;150382;0.0;0.0
2022-02-22;91.75;96.0;90.3499984741211;92.3499984741211;789041;0.0;0.0
2022-02-23;91.73999786376953;93.9000015258789;90.63999938964844;92.0999984741211;440574;0.0;0.0
2022-02-24;92.5199966430664;100.54000091552734;91.44999694824219;92.80999755859375;872244;0.0;0.0
2022-02-25;93.31999969482422;95.63999938964844;90.05999755859375;91.58999633789062;523793;0.0;0.0
2022-02-28;94.98999786376953;99.0999984741211;94.43000030517578;95.72000122070312;490796;0.0;0.0
2022-03-01;96.08999633789062;106.77999877929688;95.31999969482422;103.41000366210938;698814;0.0;0.0
2022-03-02;107.12000274658203;112.51000213623047;105.18000030517578;110.5999984741211;651853;0.0;0.0
2022-03-03;111.33000183105469;116.56999969482422;106.43000030517578;107.66999816894531;592031;0.0;0.0
2022-03-04;107.95999908447266;116.0199966430664;107.25;115.68000030517578;493875;0.0;0.0
2022-03-07;121.33000183105469;130.5;115.54000091552734;119.4000015258789;576022;0.0;0.0
2022-03-08;120.66999816894531;129.44000244140625;117.06999969482422;123.69999694824219;583106;0.0;0.0
2022-03-09;124.66000366210938;126.83999633789062;103.62999725341797;108.69999694824219;594773;0.0;0.0
2022-03-10;110.41000366210938;114.87999725341797;105.52999877929688;106.0199966430664;437924;0.0;0.0
2022-03-11;105.98999786376953;110.29000091552734;104.4800033569336;109.33000183105469;368194;0.0;0.0
2022-03-14;109.41999816894531;109.72000122070312;99.76000213623047;103.01000213623047;344184;0.0;0.0
2022-03-15;102.27999877929688;102.58000183105469;93.52999877929688;96.44000244140625;401690;0.0;0.0
2022-03-16;95.2300033569336;99.22000122070312;94.06999969482422;95.04000091552734;293947;0.0;0.0
2022-03-17;95.33999633789062;104.23999786376953;94.8499984741211;102.9800033569336;210763;0.0;0.0
2022-03-18;103.62000274658203;106.27999877929688;102.30000305175781;104.69999694824219;74247;0.0;0.0
2022-03-21;105.12999725341797;112.69000244140625;104.08000183105469;112.12000274658203;77217;0.0;0.0
2022-03-22;112.9000015258789;115.01000213623047;109.30000305175781;111.76000213623047;318629;0.0;0.0
2022-03-23;108.8499984741211;115.4000015258789;108.37999725341797;114.93000030517578;289182;0.0;0.0
2022-03-24;114.47000122070312;116.63999938964844;110.61000061035156;112.33999633789062;307238;0.0;0.0
2022-03-25;111.75;114.12000274658203;108.68000030517578;113.9000015258789;320304;0.0;0.0
2022-03-28;112.91999816894531;112.93000030517578;102.83000183105469;105.95999908447266;372251;0.0;0.0
2022-03-29;103.47000122070312;107.83999633789062;98.44000244140625;104.23999786376953;387200;0.0;0.0
2022-03-30;105.23999786376953;108.75;104.55000305175781;107.81999969482422;284544;0.0;0.0
2022-03-31;107.44999694824219;107.80000305175781;99.66000366210938;100.27999877929688;450845;0.0;0.0
2022-04-01;101.2300033569336;101.75;97.77999877929688;99.2699966430664;324777;0.0;0.0
2022-04-04;98.94999694824219;103.94000244140625;98.05000305175781;103.27999877929688;288131;0.0;0.0
2022-04-05;103.66000366210938;105.58999633789062;99.87999725341797;101.95999908447266;280283;0.0;0.0
2022-04-06;101.23999786376953;104.0199966430664;95.7300033569336;96.2300033569336;366036;0.0;0.0
2022-04-07;97.16000366210938;98.81999969482422;93.80999755859375;96.02999877929688;367318;0.0;0.0
2022-04-08;97.16999816894531;98.76000213623047;95.29000091552734;98.26000213623047;310082;0.0;0.0
2022-04-11;98.4000015258789;98.5199966430664;92.93000030517578;94.29000091552734;315873;0.0;0.0
2022-04-12;95.16999816894531;101.3499984741211;94.83999633789062;100.5999984741211;329037;0.0;0.0
2022-04-13;100.91000366210938;104.47000122070312;99.87000274658203;104.25;312502;0.0;0.0
2022-04-14;104.19999694824219;107.63999938964844;102.12000274658203;106.94999694824219;244952;0.0;0.0
2022-04-18;107.02999877929688;109.80999755859375;106.0;108.20999908447266;68489;0.0;0.0
2022-04-19;107.75;108.91999816894531;102.0999984741211;102.55999755859375;71792;0.0;0.0
2022-04-20;103.05000305175781;104.16000366210938;100.69999694824219;102.75;299028;0.0;0.0
2022-04-21;102.5;105.41999816894531;102.01000213623047;103.79000091552734;280321;0.0;0.0
2022-04-22;104.06999969482422;104.22000122070312;101.05999755859375;102.06999969482422;246116;0.0;0.0
2022-04-25;101.37999725341797;101.55000305175781;95.27999877929688;98.54000091552734;328153;0.0;0.0
2022-04-26;98.63999938964844;102.77999877929688;97.05999755859375;101.69999694824219;351850;0.0;0.0
2022-04-27;101.76000213623047;102.98999786376953;99.80000305175781;102.0199966430664;278781;0.0;0.0
2022-04-28;102.11000061035156;105.68000030517578;100.12999725341797;105.36000061035156;312064;0.0;0.0
2022-04-29;105.16999816894531;107.98999786376953;103.77999877929688;104.69000244140625;294386;0.0;0.0
2022-05-02;104.0;105.94000244140625;100.27999877929688;105.16999816894531;261878;0.0;0.0
2022-05-03;105.08000183105469;105.80000305175781;102.0999984741211;102.41000366210938;239266;0.0;0.0
2022-05-04;103.5;108.61000061035156;102.94999694824219;107.80999755859375;272909;0.0;0.0
2022-05-05;107.58000183105469;111.37000274658203;106.44999694824219;108.26000213623047;286916;0.0;0.0
2022-05-06;108.69999694824219;111.18000030517578;107.23999786376953;109.7699966430664;294278;0.0;0.0
2022-05-09;110.43000030517578;110.48999786376953;102.12999725341797;103.08999633789062;368183;0.0;0.0
2022-05-10;102.6500015258789;104.16000366210938;98.86000061035156;99.76000213623047;389750;0.0;0.0
2022-05-11;99.0;106.44000244140625;98.19999694824219;105.70999908447266;382701;0.0;0.0
2022-05-12;105.62999725341797;107.37000274658203;102.66000366210938;106.12999725341797;323547;0.0;0.0
2022-05-13;106.6500015258789;110.63999938964844;106.29000091552734;110.48999786376953;240989;0.0;0.0
2022-05-16;110.9800033569336;114.9000015258789;108.11000061035156;114.19999694824219;289127;0.0;0.0
2022-05-17;113.87000274658203;115.55999755859375;111.75;112.4000015258789;252630;0.0;0.0
2022-05-18;113.66000366210938;115.41999816894531;108.45999908447266;109.58999633789062;103669;0.0;0.0
2022-05-19;109.08999633789062;112.62000274658203;105.12999725341797;112.20999908447266;68511;0.0;0.0
2022-05-20;111.44999694824219;114.04000091552734;110.8499984741211;113.2300033569336;229930;0.0;0.0
2022-05-23;110.55999755859375;111.95999908447266;109.1500015258789;110.29000091552734;215623;0.0;0.0
2022-05-24;110.41000366210938;111.43000030517578;108.61000061035156;109.7699966430664;224794;0.0;0.0
2022-05-25;110.38999938964844;111.68000030517578;109.2300033569336;110.33000183105469;191370;0.0;0.0
2022-05-26;110.69000244140625;114.83000183105469;110.2699966430664;114.08999633789062;234752;0.0;0.0
2022-05-27;114.19999694824219;115.30000305175781;112.8499984741211;115.06999969482422;217281;0.0;0.0
2022-05-31;114.95999908447266;119.9800033569336;114.1500015258789;114.66999816894531;440796;0.0;0.0
2022-06-01;115.4000015258789;117.87000274658203;114.58000183105469;115.26000213623047;290530;0.0;0.0
2022-06-02;114.80000305175781;117.7699966430664;111.19999694824219;116.87000274658203;327600;0.0;0.0
2022-06-03;117.55000305175781;120.45999908447266;115.2300033569336;118.87000274658203;240831;0.0;0.0
2022-06-06;120.81999969482422;120.98999786376953;117.62999725341797;118.5;246825;0.0;0.0
2022-06-07;119.0999984741211;120.36000061035156;117.13999938964844;119.41000366210938;341694;0.0;0.0
2022-06-08;119.79000091552734;123.18000030517578;119.30000305175781;122.11000061035156;340591;0.0;0.0
2022-06-09;122.43000030517578;122.72000122070312;120.79000091552734;121.51000213623047;293295;0.0;0.0
2022-06-10;121.45999908447266;122.75;118.33000183105469;120.66999816894531;352906;0.0;0.0
2022-06-13;120.19000244140625;122.25;117.47000122070312;120.93000030517578;372403;0.0;0.0
2022-06-14;121.08999633789062;123.68000030517578;116.62000274658203;118.93000030517578;366320;0.0;0.0
2022-06-15;119.06999969482422;119.61000061035156;114.5999984741211;115.30999755859375;301750;0.0;0.0
2022-06-16;115.9800033569336;118.08000183105469;112.30999755859375;117.58999633789062;162543;0.0;0.0
2022-06-17;117.08000183105469;118.97000122070312;108.25;109.55999755859375;103149;0.0;0.0
2022-06-21;110.58000183105469;112.47000122070312;108.72000122070312;110.6500015258789;427262;0.0;0.0
2022-06-22;109.54000091552734;109.76000213623047;101.52999877929688;106.19000244140625;432724;0.0;0.0
2022-06-23;104.41999816894531;107.05000305175781;102.31999969482422;104.2699966430664;346362;0.0;0.0
2022-06-24;103.98999786376953;108.58000183105469;103.63999938964844;107.62000274658203;321591;0.0;0.0
2022-06-27;107.22000122070312;110.54000091552734;105.5999984741211;109.56999969482422;282914;0.0;0.0
2022-06-28;110.18000030517578;112.22000122070312;109.62000274658203;111.76000213623047;306748;0.0;0.0
2022-06-29;111.86000061035156;114.05000305175781;109.22000122070312;109.77999877929688;322060;0.0;0.0
2022-06-30;109.69999694824219;110.44999694824219;105.0999984741211;105.76000213623047;362890;0.0;0.0
2022-07-01;106.01000213623047;109.33999633789062;104.55999755859375;108.43000030517578;305338;0.0;0.0
2022-07-05;108.80000305175781;111.44999694824219;97.43000030517578;99.5;594215;0.0;0.0
2022-07-06;100.36000061035156;102.13999938964844;95.0999984741211;98.52999877929688;444106;0.0;0.0
2022-07-07;98.22000122070312;104.4800033569336;96.56999969482422;102.7300033569336;379861;0.0;0.0
2022-07-08;102.22000122070312;105.23999786376953;101.51000213623047;104.79000091552734;327461;0.0;0.0
2022-07-11;104.79000091552734;105.05000305175781;100.88999938964844;104.08999633789062;348566;0.0;0.0
2022-07-12;103.45999908447266;103.48999786376953;95.3499984741211;95.83999633789062;398552;0.0;0.0
2022-07-13;95.88999938964844;97.95999908447266;93.66999816894531;96.30000305175781;347193;0.0;0.0
2022-07-14;96.56999969482422;97.0;90.55999755859375;95.77999877929688;387528;0.0;0.0
2022-07-15;96.38999938964844;99.02999877929688;94.56999969482422;97.58999633789062;240766;0.0;0.0
2022-07-18;97.2699966430664;102.80000305175781;95.8499984741211;102.5999984741211;84669;0.0;0.0
2022-07-19;102.0;104.45999908447266;99.8499984741211;104.22000122070312;63149;0.0;0.0
2022-07-20;103.5999984741211;104.38999938964844;101.51000213623047;102.26000213623047;315620;0.0;0.0
2022-07-21;99.91000366210938;99.98999786376953;94.58999633789062;96.3499984741211;318911;0.0;0.0
2022-07-22;96.51000213623047;97.94999694824219;94.2300033569336;94.69999694824219;307568;0.0;0.0
2022-07-25;95.0999984741211;96.94000244140625;93.01000213623047;96.69999694824219;278998;0.0;0.0
2022-07-26;96.33000183105469;99.0;94.76000213623047;94.9800033569336;310043;0.0;0.0
2022-07-27;95.5999984741211;98.58999633789062;94.30000305175781;97.26000213623047;321903;0.0;0.0
2022-07-28;98.16999816894531;99.83999633789062;96.04000091552734;96.41999816894531;318403;0.0;0.0
2022-07-29;97.30000305175781;101.87999725341797;96.41000366210938;98.62000274658203;349374;0.0;0.0
2022-08-01;98.45999908447266;98.6500015258789;92.41999816894531;93.88999938964844;365293;0.0;0.0
2022-08-02;93.75;96.47000122070312;92.58999633789062;94.41999816894531;328538;0.0;0.0
2022-08-03;93.83000183105469;96.56999969482422;90.37999725341797;90.66000366210938;395099;0.0;0.0
2022-08-04;90.94999694824219;91.9000015258789;87.55000305175781;88.54000091552734;334931;0.0;0.0
2022-08-05;88.05999755859375;90.76000213623047;87.01000213623047;89.01000213623047;350016;0.0;0.0
2022-08-08;88.45999908447266;90.88999938964844;87.22000122070312;90.76000213623047;340157;0.0;0.0
2022-08-09;90.69000244140625;92.6500015258789;89.05000305175781;90.5;347045;0.0;0.0
2022-08-10;90.51000213623047;92.43000030517578;87.66000366210938;91.93000030517578;383766;0.0;0.0
2022-08-11;91.55000305175781;95.05000305175781;91.23999786376953;94.33999633789062;341234;0.0;0.0
2022-08-12;94.08999633789062;94.80999755859375;91.16000366210938;92.08999633789062;264953;0.0;0.0
2022-08-15;91.94000244140625;92.0999984741211;86.81999969482422;89.41000366210938;275443;0.0;0.0
2022-08-16;87.93000030517578;90.6500015258789;85.7300033569336;86.52999877929688;305366;0.0;0.0
2022-08-17;87.0999984741211;89.16000366210938;85.87999725341797;88.11000061035156;230346;0.0;0.0
2022-08-18;87.38999938964844;91.45999908447266;87.31999969482422;90.5;80029;0.0;0.0
2022-08-19;90.38999938964844;92.08999633789062;88.37999725341797;90.7699966430664;58714;0.0;0.0
2022-08-22;89.6500015258789;91.26000213623047;86.5999984741211;90.2300033569336;352665;0.0;0.0
2022-08-23;90.55000305175781;94.22000122070312;90.41999816894531;93.73999786376953;285607;0.0;0.0
2022-08-24;93.77999877929688;95.4000015258789;92.79000091552734;94.88999938964844;320388;0.0;0.0
2022-08-25;95.3499984741211;95.76000213623047;92.29000091552734;92.5199966430664;279877;0.0;0.0
2022-08-26;93.05999755859375;94.0199966430664;91.08000183105469;93.05999755859375;288392;0.0;0.0
2022-08-29;92.95999908447266;97.37000274658203;92.29000091552734;97.01000213623047;283463;0.0;0.0
2022-08-30;96.9000015258789;97.66000366210938;90.54000091552734;91.63999938964844;386272;0.0;0.0
2022-08-31;92.30999755859375;92.7300033569336;88.2699966430664;89.55000305175781;344147;0.0;0.0
2022-09-01;88.83000183105469;89.62999725341797;85.9800033569336;86.61000061035156;305106;0.0;0.0
2022-09-02;86.55999755859375;89.66000366210938;86.3499984741211;86.87000274658203;277533;0.0;0.0
2022-09-06;86.83999633789062;90.38999938964844;86.18000030517578;86.87999725341797;420255;0.0;0.0
2022-09-07;86.93000030517578;87.76000213623047;81.5;81.94000244140625;380781;0.0;0.0
2022-09-08;81.91000366210938;84.25;81.19999694824219;83.54000091552734;342763;0.0;0.0
2022-09-09;82.80000305175781;87.19999694824219;82.70999908447266;86.79000091552734;305188;0.0;0.0
2022-09-12;86.25;89.0999984741211;85.16000366210938;87.77999877929688;275104;0.0;0.0
2022-09-13;88.08999633789062;89.30999755859375;85.05999755859375;87.30999755859375;347998;0.0;0.0
2022-09-14;87.94000244140625;90.19000244140625;86.18000030517578;88.4800033569336;335381;0.0;0.0
2022-09-15;88.91000366210938;89.1500015258789;84.52999877929688;85.0999984741211;235358;0.0;0.0
2022-09-16;85.16000366210938;86.58999633789062;84.2699966430664;85.11000061035156;87829;0.0;0.0
2022-09-19;85.20999908447266;86.22000122070312;82.0999984741211;85.7300033569336;59626;0.0;0.0
2022-09-20;85.61000061035156;86.44999694824219;83.5199966430664;84.44999694824219;279813;0.0;0.0
2022-09-21;84.25;86.68000030517578;82.48999786376953;82.94000244140625;339683;0.0;0.0
2022-09-22;83.06999969482422;86.0;82.4000015258789;83.48999786376953;303492;0.0;0.0
2022-09-23;83.54000091552734;83.91999816894531;78.04000091552734;78.73999786376953;334271;0.0;0.0
2022-09-26;79.2300033569336;80.30999755859375;76.25;76.70999908447266;280927;0.0;0.0
2022-09-27;76.47000122070312;79.51000213623047;76.41999816894531;78.5;283614;0.0;0.0
2022-09-28;78.08000183105469;82.33999633789062;76.55000305175781;82.1500015258789;324678;0.0;0.0
2022-09-29;81.9000015258789;82.94000244140625;80.33999633789062;81.2300033569336;286126;0.0;0.0
2022-09-30;81.73999786376953;82.55999755859375;79.13999938964844;79.48999786376953;253154;0.0;0.0
2022-10-03;81.0199966430664;84.55999755859375;80.87000274658203;83.62999725341797;287168;0.0;0.0
2022-10-04;83.22000122070312;86.9800033569336;83.22000122070312;86.5199966430664;302549;0.0;0.0
2022-10-05;86.37000274658203;88.41999816894531;85.41999816894531;87.76000213623047;329790;0.0;0.0
2022-10-06;88.08000183105469;89.06999969482422;87.04000091552734;88.44999694824219;235296;0.0;0.0
2022-10-07;88.93000030517578;93.30999755859375;88.0;92.63999938964844;429162;0.0;0.0
2022-10-10;93.4800033569336;93.63999938964844;90.54000091552734;91.12999725341797;289508;0.0;0.0
2022-10-11;91.13999938964844;91.3499984741211;87.91000366210938;89.3499984741211;333158;0.0;0.0
2022-10-12;88.66999816894531;90.06999969482422;86.27999877929688;87.2699966430664;332271;0.0;0.0
2022-10-13;87.08000183105469;89.66000366210938;85.55999755859375;89.11000061035156;298032;0.0;0.0
2022-10-14;89.2699966430664;89.7300033569336;85.19999694824219;85.61000061035156;237026;0.0;0.0
2022-10-17;85.58999633789062;87.12000274658203;84.61000061035156;85.45999908447266;172020;0.0;0.0
2022-10-18;85.69999694824219;86.51000213623047;82.08999633789062;82.81999969482422;97304;0.0;0.0
2022-10-19;83.69000244140625;86.19999694824219;82.58999633789062;85.55000305175781;71309;0.0;0.0
2022-10-20;85.94000244140625;88.16999816894531;85.22000122070312;85.9800033569336;338344;0.0;0.0
2022-10-21;85.06999969482422;85.9000015258789;83.1500015258789;85.05000305175781;272803;0.0;0.0
2022-10-24;85.23999786376953;85.91999816894531;82.62999725341797;84.58000183105469;250726;0.0;0.0
2022-10-25;84.87999725341797;86.02999877929688;83.05999755859375;85.31999969482422;240441;0.0;0.0
2022-10-26;85.06999969482422;88.41000366210938;84.13999938964844;87.91000366210938;287182;0.0;0.0
2022-10-27;88.26000213623047;89.79000091552734;87.33000183105469;89.08000183105469;292556;0.0;0.0
2022-10-28;88.66999816894531;88.76000213623047;87.08000183105469;87.9000015258789;263404;0.0;0.0
2022-10-31;88.38999938964844;88.6500015258789;85.30000305175781;86.52999877929688;285342;0.0;0.0
2022-11-01;86.43000030517578;89.44999694824219;85.91999816894531;88.37000274658203;274321;0.0;0.0
2022-11-02;88.62000274658203;90.36000061035156;87.72000122070312;90.0;280961;0.0;0.0
2022-11-03;89.3499984741211;89.66999816894531;87.5999984741211;88.16999816894531;239816;0.0;0.0
2022-11-04;87.9000015258789;92.87000274658203;87.81999969482422;92.61000061035156;354060;0.0;0.0
2022-11-07;91.0;93.73999786376953;90.4000015258789;91.79000091552734;322419;0.0;0.0
2022-11-08;91.87000274658203;92.16999816894531;88.5199966430664;88.91000366210938;344223;0.0;0.0
2022-11-09;88.56999969482422;89.23999786376953;85.5;85.83000183105469;388301;0.0;0.0
2022-11-10;85.8499984741211;87.3499984741211;84.69999694824219;86.47000122070312;340007;0.0;0.0
2022-11-11;86.2699966430664;90.0999984741211;86.18000030517578;88.95999908447266;301664;0.0;0.0
2022-11-14;89.0199966430664;89.83999633789062;85.1500015258789;85.87000274658203;315450;0.0;0.0
2022-11-15;85.25;88.68000030517578;84.05999755859375;86.91999816894531;331709;0.0;0.0
2022-11-16;86.88999938964844;87.51000213623047;84.19999694824219;85.58999633789062;225668;0.0;0.0
2022-11-17;85.22000122070312;85.44999694824219;81.4000015258789;81.63999938964844;138476;0.0;0.0
2022-11-18;82.08999633789062;82.63999938964844;77.23999786376953;80.08000183105469;96583;0.0;0.0
2022-11-21;80.30000305175781;80.30000305175781;75.08000183105469;79.7300033569336;475104;0.0;0.0
2022-11-22;80.22000122070312;82.36000061035156;79.8499984741211;80.94999694824219;269615;0.0;0.0
2022-11-23;81.08000183105469;81.94999694824219;76.83000183105469;77.94000244140625;379145;0.0;0.0
2022-11-25;77.51000213623047;79.9000015258789;76.22000122070312;76.27999877929688;266451;0.0;0.0
2022-11-28;75.93000030517578;77.83999633789062;73.5999984741211;77.23999786376953;405033;0.0;0.0
2022-11-29;76.54000091552734;79.6500015258789;76.29000091552734;78.19999694824219;381869;0.0;0.0
2022-11-30;79.0;81.37999725341797;78.4000015258789;80.55000305175781;287534;0.0;0.0
2022-12-01;80.4000015258789;83.33999633789062;79.93000030517578;81.22000122070312;321432;0.0;0.0
2022-12-02;81.47000122070312;82.22000122070312;79.6500015258789;79.9800033569336;280235;0.0;0.0
2022-12-05;79.98999786376953;82.72000122070312;76.7699966430664;76.93000030517578;346657;0.0;0.0
2022-12-06;77.3499984741211;77.87999725341797;73.41000366210938;74.25;380598;0.0;0.0
2022-12-07;74.55000305175781;75.37999725341797;71.75;72.01000213623047;392236;0.0;0.0
2022-12-08;72.37999725341797;75.44000244140625;71.12000274658203;71.45999908447266;474459;0.0;0.0
2022-12-09;71.8499984741211;72.91999816894531;70.08000183105469;71.0199966430664;356722;0.0;0.0
2022-12-12;71.79000091552734;73.98999786376953;70.25;73.16999816894531;323553;0.0;0.0
2022-12-13;73.29000091552734;76.37000274658203;73.20999908447266;75.38999938964844;352858;0.0;0.0
2022-12-14;75.2699966430664;77.75;74.9000015258789;77.27999877929688;292488;0.0;0.0
2022-12-15;77.37000274658203;77.7699966430664;75.33000183105469;76.11000061035156;224663;0.0;0.0
2022-12-16;76.37000274658203;76.56999969482422;73.33000183105469;74.29000091552734;99205;0.0;0.0
2022-12-19;74.5;76.41000366210938;73.80999755859375;75.19000244140625;69348;0.0;0.0
2022-12-20;75.69999694824219;76.75;74.30999755859375;76.08999633789062;254792;0.0;0.0
2022-12-21;75.98999786376953;78.61000061035156;75.80000305175781;78.29000091552734;234624;0.0;0.0
2022-12-22;78.43000030517578;79.9000015258789;77.02999877929688;77.48999786376953;219142;0.0;0.0
2022-12-23;78.18000030517578;80.33000183105469;77.9800033569336;79.55999755859375;237711;0.0;0.0
2022-12-27;79.9000015258789;81.18000030517578;79.16000366210938;79.52999877929688;199601;0.0;0.0
2022-12-28;79.88999938964844;79.91999816894531;77.30000305175781;78.95999908447266;207717;0.0;0.0
2022-12-29;78.81999969482422;78.81999969482422;76.79000091552734;78.4000015258789;199858;0.0;0.0
2022-12-30;78.7300033569336;80.66999816894531;77.70999908447266;80.26000213623047;205909;0.0;0.0
2023-01-03;80.56999969482422;81.5;76.5999984741211;76.93000030517578;338520;0.0;0.0
2023-01-04;77.25;77.41999816894531;72.7300033569336;72.83999633789062;352434;0.0;0.0
2023-01-05;73.25;74.91999816894531;72.45999908447266;73.66999816894531;300731;0.0;0.0
2023-01-06;73.97000122070312;75.47000122070312;73.23999786376953;73.7699966430664;258128;0.0;0.0
2023-01-09;73.47000122070312;76.73999786376953;73.47000122070312;74.62999725341797;329290;0.0;0.0
2023-01-10;74.86000061035156;75.91999816894531;73.83999633789062;75.12000274658203;307430;0.0;0.0
2023-01-11;74.77999877929688;77.83999633789062;74.30999755859375;77.41000366210938;350891;0.0;0.0
2023-01-12;77.69999694824219;79.16000366210938;77.0999984741211;78.38999938964844;307705;0.0;0.0
2023-01-13;78.31999969482422;80.11000061035156;77.97000122070312;79.86000061035156;283539;0.0;0.0
2023-01-17;80.0999984741211;81.2300033569336;78.52999877929688;80.18000030517578;312275;0.0;0.0
2023-01-18;80.97000122070312;82.37999725341797;78.94000244140625;79.4800033569336;92549;0.0;0.0
2023-01-19;79.13999938964844;81.18000030517578;78.12999725341797;80.33000183105469;58863;0.0;0.0
2023-01-20;80.5999984741211;81.63999938964844;79.69000244140625;81.30999755859375;300145;0.0;0.0
2023-01-23;81.79000091552734;82.63999938964844;81.05000305175781;81.62000274658203;297076;0.0;0.0
2023-01-24;81.62000274658203;82.22000122070312;79.66000366210938;80.12999725341797;288207;0.0;0.0
2023-01-25;80.26000213623047;81.2300033569336;79.44999694824219;80.1500015258789;297234;0.0;0.0
2023-01-26;80.4800033569336;82.13999938964844;79.91999816894531;81.01000213623047;291060;0.0;0.0
2023-01-27;81.22000122070312;82.4800033569336;79.04000091552734;79.68000030517578;367588;0.0;0.0
2023-01-30;80.04000091552734;80.48999786376953;77.66000366210938;77.9000015258789;327426;0.0;0.0
2023-01-31;77.91000366210938;79.25;76.55000305175781;78.87000274658203;312734;0.0;0.0
2023-02-01;79.05999755859375;79.7300033569336;76.05000305175781;76.41000366210938;360859;0.0;0.0
2023-02-02;76.79000091552734;77.23999786376953;74.97000122070312;75.87999725341797;339755;0.0;0.0
2023-02-03;75.91999816894531;78.0;73.0999984741211;73.38999938964844;413414;0.0;0.0
2023-02-06;73.2300033569336;74.51000213623047;72.25;74.11000061035156;380028;0.0;0.0
2023-02-07;74.56999969482422;77.5999984741211;74.3499984741211;77.13999938964844;408279;0.0;0.0
2023-02-08;77.48999786376953;78.56999969482422;77.08000183105469;78.47000122070312;353468;0.0;0.0
2023-02-09;78.44999694824219;78.83999633789062;76.5199966430664;78.05999755859375;324156;0.0;0.0
2023-02-10;77.68000030517578;80.33000183105469;77.47000122070312;79.72000122070312;356062;0.0;0.0
2023-02-13;79.94000244140625;80.62000274658203;78.44999694824219;80.13999938964844;301299;0.0;0.0
2023-02-14;79.05999755859375;79.61000061035156;77.45999908447266;79.05999755859375;299938;0.0;0.0
2023-02-15;78.83000183105469;79.1500015258789;77.25;78.58999633789062;264486;0.0;0.0
2023-02-16;78.54000091552734;79.54000091552734;77.91999816894531;78.48999786376953;117600;0.0;0.0
2023-02-17;78.06999969482422;78.25;75.05999755859375;76.33999633789062;93267;0.0;0.0
2023-02-21;76.52999877929688;77.51000213623047;75.69000244140625;76.16000366210938;402351;0.0;0.0
2023-02-22;76.11000061035156;76.55000305175781;73.80000305175781;73.94999694824219;332018;0.0;0.0
2023-02-23;73.91999816894531;75.98999786376953;73.83000183105469;75.38999938964844;333838;0.0;0.0
2023-02-24;75.5999984741211;76.62999725341797;74.08999633789062;76.31999969482422;329254;0.0;0.0
2023-02-27;76.41999816894531;76.81999969482422;74.98999786376953;75.68000030517578;266091;0.0;0.0
2023-02-28;75.76000213623047;77.83000183105469;75.55000305175781;77.05000305175781;300093;0.0;0.0
2023-03-01;76.8499984741211;77.8499984741211;76.12000274658203;77.69000244140625;342121;0.0;0.0
2023-03-02;77.73999786376953;78.58999633789062;77.2300033569336;78.16000366210938;260331;0.0;0.0
2023-03-03;77.88999938964844;79.9000015258789;75.83000183105469;79.68000030517578;374201;0.0;0.0
2023-03-06;79.91999816894531;80.62999725341797;78.31999969482422;80.45999908447266;292351;0.0;0.0
2023-03-07;80.5;80.94000244140625;77.05999755859375;77.58000183105469;398241;0.0;0.0
2023-03-08;77.31999969482422;77.7300033569336;76.11000061035156;76.66000366210938;335930;0.0;0.0
2023-03-09;76.5;78.05999755859375;75.43000030517578;75.72000122070312;349960;0.0;0.0
2023-03-10;75.6500015258789;77.11000061035156;74.7699966430664;76.68000030517578;371834;0.0;0.0
2023-03-13;76.5999984741211;77.47000122070312;72.30000305175781;74.80000305175781;457423;0.0;0.0
2023-03-14;74.69999694824219;74.9000015258789;70.77999877929688;71.33000183105469;432858;0.0;0.0
2023-03-15;71.55999755859375;72.55999755859375;65.6500015258789;67.61000061035156;555164;0.0;0.0
2023-03-16;68.22000122070312;69.37999725341797;65.70999908447266;68.3499984741211;327120;0.0;0.0
2023-03-17;68.26000213623047;69.63999938964844;65.16999816894531;66.73999786376953;152255;0.0;0.0
2023-03-20;66.62000274658203;67.69999694824219;64.12000274658203;67.63999938964844;76873;0.0;0.0
2023-03-21;67.62000274658203;69.5999984741211;66.7699966430664;69.33000183105469;409495;0.0;0.0
2023-03-22;69.4800033569336;71.30999755859375;68.88999938964844;70.9000015258789;337639;0.0;0.0
2023-03-23;69.94999694824219;71.66999816894531;69.13999938964844;69.95999908447266;335241;0.0;0.0
2023-03-24;69.51000213623047;70.37999725341797;66.81999969482422;69.26000213623047;380852;0.0;0.0
2023-03-27;69.41999816894531;73.0999984741211;69.12999725341797;72.80999755859375;353598;0.0;0.0
2023-03-28;72.86000061035156;73.93000030517578;72.19000244140625;73.19999694824219;328472;0.0;0.0
2023-03-29;73.61000061035156;74.37000274658203;72.76000213623047;72.97000122070312;312669;0.0;0.0
2023-03-30;72.9800033569336;74.62999725341797;72.61000061035156;74.37000274658203;269743;0.0;0.0
2023-03-31;74.37000274658203;75.72000122070312;73.7699966430664;75.66999816894531;304361;0.0;0.0
2023-04-03;80.0999984741211;81.69000244140625;79.0;80.41999816894531;547126;0.0;0.0
2023-04-04;80.44000244140625;81.80999755859375;79.61000061035156;80.70999908447266;343570;0.0;0.0
2023-04-05;81.01000213623047;81.23999786376953;79.72000122070312;80.61000061035156;254974;0.0;0.0
2023-04-06;80.37000274658203;80.95999908447266;79.6500015258789;80.69999694824219;0;0.0;0.0
2023-04-10;80.5;81.22000122070312;79.61000061035156;79.73999786376953;264906;0.0;0.0
2023-04-11;79.87999725341797;81.58999633789062;79.37000274658203;81.52999877929688;309683;0.0;0.0
2023-04-12;81.44000244140625;83.52999877929688;81.27999877929688;83.26000213623047;356133;0.0;0.0
2023-04-13;83.22000122070312;83.44000244140625;82.11000061035156;82.16000366210938;261230;0.0;0.0
2023-04-14;82.4000015258789;83.12000274658203;81.76000213623047;82.5199966430664;275129;0.0;0.0
2023-04-17;82.4800033569336;82.70999908447266;80.47000122070312;80.83000183105469;217048;0.0;0.0
2023-04-18;81.0;81.4800033569336;79.87000274658203;80.86000061035156;96290;0.0;0.0
2023-04-19;80.91999816894531;81.18000030517578;78.45999908447266;79.16000366210938;78310;0.0;0.0
2023-04-20;78.87000274658203;78.88999938964844;76.97000122070312;77.29000091552734;361413;0.0;0.0
2023-04-21;77.12999725341797;78.38999938964844;76.72000122070312;77.87000274658203;291114;0.0;0.0
2023-04-24;77.97000122070312;79.18000030517578;76.72000122070312;78.76000213623047;306720;0.0;0.0
2023-04-25;78.73999786376953;79.06999969482422;76.5;77.06999969482422;361646;0.0;0.0
2023-04-26;77.08000183105469;77.93000030517578;74.05000305175781;74.30000305175781;497778;0.0;0.0
2023-04-27;74.37999725341797;75.27999877929688;74.02999877929688;74.76000213623047;345880;0.0;0.0
2023-04-28;74.91000366210938;76.91999816894531;73.93000030517578;76.77999877929688;328399;0.0;0.0
2023-05-01;76.66000366210938;76.69000244140625;74.52999877929688;75.66000366210938;215017;0.0;0.0
2023-05-02;75.76000213623047;76.11000061035156;71.41999816894531;71.66000366210938;417820;0.0;0.0
2023-05-03;71.55999755859375;71.79000091552734;67.94999694824219;68.5999984741211;490523;0.0;0.0
2023-05-04;68.16000366210938;69.83999633789062;63.63999938964844;68.55999755859375;412495;0.0;0.0
2023-05-05;68.69999694824219;71.80999755859375;68.4800033569336;71.33999633789062;330585;0.0;0.0
2023-05-08;71.3499984741211;73.69000244140625;71.04000091552734;73.16000366210938;290076;0.0;0.0
2023-05-09;72.83999633789062;73.77999877929688;71.33999633789062;73.70999908447266;317493;0.0;0.0
2023-05-10;73.58000183105469;73.88999938964844;71.80000305175781;72.55999755859375;351506;0.0;0.0
2023-05-11;72.7699966430664;73.5;70.62999725341797;70.87000274658203;365892;0.0;0.0
2023-05-12;71.41999816894531;71.77999877929688;69.93000030517578;70.04000091552734;275435;0.0;0.0
2023-05-15;70.04000091552734;71.69000244140625;69.41000366210938;71.11000061035156;259013;0.0;0.0
2023-05-16;71.31999969482422;71.79000091552734;70.44999694824219;70.86000061035156;232328;0.0;0.0
2023-05-17;70.5999984741211;73.26000213623047;70.04000091552734;72.83000183105469;273708;0.0;0.0
2023-05-18;72.75;72.87000274658203;71.41999816894531;71.86000061035156;80864;0.0;0.0
2023-05-19;71.94000244140625;73.4000015258789;71.02999877929688;71.55000305175781;69949;0.0;0.0
2023-05-22;71.69999694824219;72.36000061035156;70.55000305175781;71.98999786376953;263977;0.0;0.0
2023-05-23;72.0999984741211;73.79000091552734;71.70999908447266;72.91000366210938;317586;0.0;0.0
2023-05-24;73.7699966430664;74.7300033569336;73.12999725341797;74.33999633789062;386611;0.0;0.0
2023-05-25;74.20999908447266;74.37000274658203;70.9800033569336;71.83000183105469;422637;0.0;0.0
2023-05-26;71.88999938964844;73.05000305175781;71.48999786376953;72.66999816894531;261498;0.0;0.0
2023-05-30;73.2300033569336;73.55000305175781;69.0199966430664;69.45999908447266;440862;0.0;0.0
2023-05-31;69.62000274658203;69.69000244140625;67.02999877929688;68.08999633789062;444787;0.0;0.0
2023-06-01;67.5999984741211;71.06999969482422;67.51000213623047;70.0999984741211;395393;0.0;0.0
2023-06-02;70.20999908447266;72.16999816894531;70.0;71.73999786376953;322596;0.0;0.0
2023-06-05;75.02999877929688;75.05999755859375;71.7300033569336;72.1500015258789;383943;0.0;0.0
2023-06-06;71.98999786376953;72.33000183105469;70.12999725341797;71.73999786376953;314962;0.0;0.0
2023-06-07;71.55999755859375;73.19000244140625;71.01000213623047;72.52999877929688;299127;0.0;0.0
2023-06-08;72.47000122070312;73.27999877929688;69.02999877929688;71.29000091552734;485396;0.0;0.0
2023-06-09;70.94000244140625;71.7699966430664;70.0999984741211;70.16999816894531;300724;0.0;0.0
2023-06-12;70.2699966430664;70.33000183105469;66.80000305175781;67.12000274658203;404769;0.0;0.0
2023-06-13;67.30999755859375;69.83000183105469;67.1500015258789;69.41999816894531;366354;0.0;0.0
2023-06-14;69.3499984741211;70.48999786376953;68.06999969482422;68.2699966430664;304449;0.0;0.0
2023-06-15;68.69999694824219;70.95999908447266;67.97000122070312;70.62000274658203;115613;0.0;0.0
2023-06-16;70.55000305175781;71.88999938964844;69.94999694824219;71.77999877929688;99185;0.0;0.0
2023-06-20;71.44999694824219;72.08999633789062;69.6500015258789;70.5;430492;0.0;0.0
2023-06-21;70.9000015258789;72.72000122070312;70.80000305175781;72.52999877929688;264656;0.0;0.0
2023-06-22;72.43000030517578;72.6500015258789;68.93000030517578;69.51000213623047;421348;0.0;0.0
2023-06-23;69.52999877929688;69.6500015258789;67.3499984741211;69.16000366210938;322475;0.0;0.0
2023-06-26;69.83999633789062;70.11000061035156;68.70999908447266;69.37000274658203;280116;0.0;0.0
2023-06-27;69.48999786376953;70.1500015258789;67.5;67.69999694824219;384752;0.0;0.0
2023-06-28;68.01000213623047;69.7300033569336;67.05000305175781;69.55999755859375;368295;0.0;0.0
2023-06-29;69.25;70.5999984741211;68.93000030517578;69.86000061035156;292865;0.0;0.0
2023-06-30;69.81999969482422;71.04000091552734;69.52999877929688;70.63999938964844;299873;0.0;0.0
2023-07-03;70.44999694824219;71.7699966430664;69.69000244140625;69.79000091552734;303479;0.0;0.0
2023-07-05;70.1500015258789;72.16999816894531;69.9000015258789;71.79000091552734;456809;0.0;0.0
2023-07-06;71.80000305175781;72.33999633789062;70.22000122070312;71.80000305175781;395381;0.0;0.0
2023-07-07;71.88999938964844;73.91999816894531;71.19000244140625;73.86000061035156;362632;0.0;0.0
2023-07-10;73.86000061035156;74.1500015258789;72.66999816894531;72.98999786376953;301014;0.0;0.0
2023-07-11;73.19000244140625;74.95999908447266;72.9800033569336;74.83000183105469;326883;0.0;0.0
2023-07-12;74.83000183105469;76.1500015258789;74.66999816894531;75.75;352887;0.0;0.0
2023-07-13;75.8499984741211;77.33000183105469;75.31999969482422;76.88999938964844;379728;0.0;0.0
2023-07-14;77.16000366210938;77.30000305175781;75.11000061035156;75.41999816894531;299576;0.0;0.0
2023-07-17;75.0199966430664;76.08999633789062;73.83999633789062;74.1500015258789;244785;0.0;0.0
2023-07-18;74.18000030517578;75.95999908447266;73.87999725341797;75.75;125092;0.0;0.0
2023-07-19;75.83999633789062;76.97000122070312;75.06999969482422;75.3499984741211;92920;0.0;0.0
2023-07-20;75.3499984741211;76.1500015258789;74.72000122070312;75.62999725341797;340962;0.0;0.0
2023-07-21;75.69999694824219;77.29000091552734;75.69000244140625;77.06999969482422;308106;0.0;0.0
2023-07-24;77.01000213623047;79.27999877929688;76.44000244140625;78.73999786376953;368285;0.0;0.0
2023-07-25;78.8499984741211;79.9000015258789;78.29000091552734;79.62999725341797;349600;0.0;0.0
2023-07-26;79.33999633789062;79.7699966430664;78.55000305175781;78.77999877929688;322031;0.0;0.0
2023-07-27;78.9000015258789;80.5999984741211;78.87000274658203;80.08999633789062;374358;0.0;0.0
2023-07-28;79.83999633789062;80.70999908447266;79.06999969482422;80.58000183105469;299547;0.0;0.0
2023-07-31;80.6500015258789;82.0;80.12999725341797;81.80000305175781;297270;0.0;0.0
2023-08-01;81.7300033569336;82.22000122070312;80.58999633789062;81.37000274658203;307859;0.0;0.0
2023-08-02;82.05000305175781;82.43000030517578;79.05000305175781;79.48999786376953;414825;0.0;0.0
2023-08-03;79.7699966430664;81.86000061035156;78.69000244140625;81.55000305175781;402641;0.0;0.0
2023-08-04;81.7300033569336;83.23999786376953;81.51000213623047;82.81999969482422;320873;0.0;0.0
2023-08-07;82.81999969482422;83.30000305175781;81.5199966430664;81.94000244140625;293036;0.0;0.0
2023-08-08;82.52999877929688;83.08000183105469;79.9000015258789;82.91999816894531;424545;0.0;0.0
2023-08-09;82.87999725341797;84.6500015258789;82.66999816894531;84.4000015258789;478140;0.0;0.0
2023-08-10;84.25;84.88999938964844;82.58000183105469;82.81999969482422;362188;0.0;0.0
2023-08-11;82.83000183105469;83.80999755859375;82.2300033569336;83.19000244140625;331254;0.0;0.0
2023-08-14;83.08999633789062;83.19999694824219;81.76000213623047;82.51000213623047;277352;0.0;0.0
2023-08-15;82.5199966430664;82.91000366210938;80.4000015258789;80.98999786376953;303207;0.0;0.0
2023-08-16;81.2300033569336;81.43000030517578;79.05000305175781;79.37999725341797;325403;0.0;0.0
2023-08-17;79.25;81.08000183105469;78.94999694824219;80.38999938964844;235581;0.0;0.0
2023-08-18;80.04000091552734;81.61000061035156;79.58999633789062;81.25;128090;0.0;0.0
2023-08-21;81.43000030517578;82.47000122070312;80.61000061035156;80.72000122070312;115874;0.0;0.0
2023-08-22;80.80000305175781;80.98999786376953;80.0999984741211;80.3499984741211;287489;0.0;0.0
2023-08-23;79.63999938964844;79.91000366210938;77.62000274658203;78.88999938964844;378146;0.0;0.0
2023-08-24;78.56999969482422;79.27999877929688;77.58999633789062;79.05000305175781;349230;0.0;0.0
2023-08-25;78.87999725341797;80.44999694824219;78.13999938964844;79.83000183105469;411409;0.0;0.0
2023-08-28;80.1500015258789;80.87000274658203;79.61000061035156;80.0999984741211;246584;0.0;0.0
2023-08-29;79.9800033569336;81.41000366210938;79.33999633789062;81.16000366210938;284168;0.0;0.0
2023-08-30;81.29000091552734;82.05000305175781;80.87999725341797;81.62999725341797;299418;0.0;0.0
2023-08-31;81.69999694824219;83.69000244140625;81.4800033569336;83.62999725341797;368848;0.0;0.0
2023-09-01;83.62999725341797;86.05999755859375;83.45999908447266;85.55000305175781;420461;0.0;0.0
2023-09-05;86.05999755859375;88.06999969482422;85.0199966430664;86.69000244140625;452908;0.0;0.0
2023-09-06;86.72000122070312;88.08000183105469;85.93000030517578;87.54000091552734;307115;0.0;0.0
2023-09-07;87.54000091552734;87.73999786376953;86.38999938964844;86.87000274658203;270736;0.0;0.0
2023-09-08;86.77999877929688;87.94999694824219;86.1500015258789;87.51000213623047;294437;0.0;0.0
2023-09-11;87.4000015258789;88.1500015258789;86.70999908447266;87.29000091552734;292388;0.0;0.0
2023-09-12;87.2699966430664;89.37000274658203;87.22000122070312;88.83999633789062;341137;0.0;0.0
2023-09-13;88.75;89.63999938964844;88.29000091552734;88.5199966430664;345972;0.0;0.0
2023-09-14;88.80999755859375;90.79000091552734;88.68000030517578;90.16000366210938;325270;0.0;0.0
2023-09-15;90.66999816894531;91.2300033569336;89.22000122070312;90.7699966430664;315003;0.0;0.0
2023-09-18;91.19999694824219;92.43000030517578;90.75;91.4800033569336;119258;0.0;0.0
2023-09-19;92.22000122070312;93.73999786376953;91.06999969482422;91.19999694824219;94597;0.0;0.0
2023-09-20;91.55000305175781;91.9800033569336;89.87000274658203;90.27999877929688;457854;0.0;0.0
2023-09-21;89.30000305175781;90.9800033569336;88.37000274658203;89.62999725341797;351032;0.0;0.0
2023-09-22;89.62000274658203;91.33000183105469;89.30999755859375;90.02999877929688;402087;0.0;0.0
2023-09-25;90.55000305175781;90.83000183105469;89.02999877929688;89.68000030517578;328369;0.0;0.0
2023-09-26;89.87999725341797;90.73999786376953;88.19000244140625;90.38999938964844;318016;0.0;0.0
2023-09-27;90.52999877929688;94.16999816894531;90.4000015258789;93.68000030517578;504630;0.0;0.0
2023-09-28;93.77999877929688;95.02999877929688;91.38999938964844;91.70999908447266;406709;0.0;0.0
2023-09-29;91.76000213623047;93.0999984741211;90.3499984741211;90.79000091552734;355782;0.0;0.0
2023-10-02;90.81999969482422;91.87999725341797;88.45999908447266;88.81999969482422;334493;0.0;0.0
2023-10-03;88.66999816894531;90.2699966430664;87.76000213623047;89.2300033569336;350659;0.0;0.0
2023-10-04;89.41999816894531;89.58999633789062;84.16000366210938;84.22000122070312;459995;0.0;0.0
2023-10-05;84.44999694824219;84.91999816894531;82.1500015258789;82.30999755859375;465997;0.0;0.0
2023-10-06;82.27999877929688;83.27999877929688;81.5;82.79000091552734;461139;0.0;0.0
2023-10-09;85.25;87.23999786376953;84.66999816894531;86.37999725341797;435037;0.0;0.0
2023-10-10;86.43000030517578;86.73999786376953;85.12000274658203;85.97000122070312;337654;0.0;0.0
2023-10-11;85.95999908447266;86.51000213623047;83.11000061035156;83.48999786376953;425395;0.0;0.0
2023-10-12;83.19999694824219;85.19999694824219;82.30999755859375;82.91000366210938;373492;0.0;0.0
2023-10-13;83.51000213623047;87.83000183105469;83.3499984741211;87.69000244140625;356863;0.0;0.0
2023-10-16;87.72000122070312;88.33000183105469;86.31999969482422;86.66000366210938;235780;0.0;0.0
2023-10-17;87.05999755859375;87.75;85.5999984741211;86.66000366210938;197124;0.0;0.0
2023-10-18;87.80999755859375;89.87999725341797;87.19999694824219;88.31999969482422;92797;0.0;0.0
2023-10-19;88.23999786376953;90.68000030517578;86.5999984741211;89.37000274658203;72058;0.0;0.0
2023-10-20;90.27999877929688;90.77999877929688;88.33000183105469;88.75;311917;0.0;0.0
2023-10-23;88.0;88.29000091552734;85.3499984741211;85.48999786376953;315517;0.0;0.0
2023-10-24;86.1500015258789;86.30000305175781;82.94000244140625;83.73999786376953;370591;0.0;0.0
2023-10-25;83.69000244140625;85.55999755859375;82.08000183105469;85.38999938964844;429459;0.0;0.0
2023-10-26;85.37000274658203;85.58999633789062;82.55999755859375;83.20999908447266;341792;0.0;0.0
2023-10-27;83.52999877929688;85.9000015258789;83.0999984741211;85.54000091552734;333760;0.0;0.0
2023-10-30;85.0;85.30000305175781;81.81999969482422;82.30999755859375;356928;0.0;0.0
2023-10-31;82.58999633789062;83.37000274658203;80.73999786376953;81.0199966430664;346007;0.0;0.0
2023-11-01;81.4800033569336;83.41999816894531;80.30000305175781;80.44000244140625;321592;0.0;0.0
2023-11-02;80.81999969482422;82.83000183105469;80.22000122070312;82.45999908447266;307122;0.0;0.0
2023-11-03;82.58000183105469;83.5999984741211;80.0999984741211;80.51000213623047;457281;0.0;0.0
2023-11-06;81.12999725341797;82.23999786376953;80.66000366210938;80.81999969482422;271131;0.0;0.0
2023-11-07;80.93000030517578;81.05000305175781;77.08999633789062;77.37000274658203;396289;0.0;0.0
2023-11-08;77.12000274658203;77.52999877929688;74.91000366210938;75.33000183105469;429647;0.0;0.0
2023-11-09;75.6500015258789;77.16000366210938;75.20999908447266;75.73999786376953;303430;0.0;0.0
2023-11-10;75.58999633789062;77.7300033569336;75.30999755859375;77.16999816894531;266998;0.0;0.0
2023-11-13;77.1500015258789;78.63999938964844;76.20999908447266;78.26000213623047;262903;0.0;0.0
2023-11-14;78.52999877929688;79.7699966430664;77.79000091552734;78.26000213623047;263002;0.0;0.0
2023-11-15;78.16999816894531;78.7699966430664;76.30999755859375;76.66000366210938;282301;0.0;0.0
2023-11-16;76.5999984741211;76.62999725341797;72.16000366210938;72.9000015258789;125165;0.0;0.0
2023-11-17;72.97000122070312;75.98999786376953;72.75;75.88999938964844;101484;0.0;0.0
2023-11-20;75.6500015258789;78.22000122070312;75.6500015258789;77.5999984741211;270638;0.0;0.0
2023-11-21;77.6500015258789;77.91999816894531;76.91999816894531;77.7699966430664;238629;0.0;0.0
2023-11-22;77.7699966430664;77.97000122070312;73.79000091552734;77.0999984741211;389325;0.0;0.0
2023-11-24;76.79000091552734;77.08999633789062;75.06999969482422;75.54000091552734;281147;0.0;0.0
2023-11-27;75.30999755859375;76.2300033569336;74.05999755859375;74.86000061035156;289562;0.0;0.0
2023-11-28;75.06999969482422;77.0199966430664;74.63999938964844;76.41000366210938;286618;0.0;0.0
2023-11-29;76.55999755859375;78.08999633789062;75.66999816894531;77.86000061035156;322170;0.0;0.0
2023-11-30;77.75;79.5999984741211;75.05000305175781;75.95999908447266;559169;0.0;0.0
2023-12-01;75.58999633789062;76.76000213623047;73.93000030517578;74.06999969482422;358976;0.0;0.0
2023-12-04;74.58000183105469;75.02999877929688;72.62999725341797;73.04000091552734;388832;0.0;0.0
2023-12-05;73.30000305175781;74.12000274658203;72.0199966430664;72.31999969482422;358703;0.0;0.0
2023-12-06;72.0999984741211;72.5999984741211;69.11000061035156;69.37999725341797;436803;0.0;0.0
2023-12-07;69.27999877929688;70.4800033569336;68.80000305175781;69.33999633789062;339000;0.0;0.0
2023-12-08;69.76000213623047;71.62999725341797;69.5;71.2300033569336;302250;0.0;0.0
2023-12-11;71.1500015258789;71.80999755859375;70.3499984741211;71.31999969482422;274414;0.0;0.0
2023-12-12;71.43000030517578;71.95999908447266;68.22000122070312;68.61000061035156;324530;0.0;0.0
2023-12-13;68.7300033569336;69.88999938964844;67.70999908447266;69.47000122070312;306996;0.0;0.0
2023-12-14;69.8499984741211;72.45999908447266;69.54000091552734;71.58000183105469;275688;0.0;0.0
2023-12-15;71.61000061035156;72.22000122070312;70.30000305175781;71.43000030517578;95513;0.0;0.0
2023-12-18;71.68000030517578;74.26000213623047;70.63999938964844;72.47000122070312;73941;0.0;0.0
2023-12-19;72.4800033569336;74.01000213623047;71.8499984741211;73.44000244140625;230042;0.0;0.0
2023-12-20;74.05999755859375;75.37000274658203;73.5999984741211;74.22000122070312;273364;0.0;0.0
2023-12-21;73.80999755859375;74.58000183105469;72.44000244140625;73.88999938964844;251982;0.0;0.0
2023-12-22;73.91000366210938;74.9800033569336;73.38999938964844;73.55999755859375;222600;0.0;0.0
2023-12-26;73.55999755859375;76.18000030517578;73.12999725341797;75.56999969482422;208715;0.0;0.0
2023-12-27;75.31999969482422;75.66000366210938;73.7699966430664;74.11000061035156;253323;0.0;0.0
2023-12-28;73.80000305175781;74.4000015258789;71.72000122070312;71.7699966430664;262748;0.0;0.0
2023-12-29;71.98999786376953;72.62000274658203;71.25;71.6500015258789;214486;0.0;0.0
2024-01-02;71.70999908447266;73.63999938964844;70.05999755859375;70.37999725341797;330992;0.0;0.0
2024-01-03;70.5;73.2300033569336;69.27999877929688;72.69999694824219;334861;0.0;0.0
2024-01-04;73.04000091552734;74.0;71.05999755859375;72.19000244140625;344467;0.0;0.0
2024-01-05;72.4000015258789;74.23999786376953;72.20999908447266;73.80999755859375;325525;0.0;0.0
2024-01-08;73.51000213623047;73.94999694824219;70.12999725341797;70.7699966430664;392249;0.0;0.0
2024-01-09;70.91000366210938;72.93000030517578;70.47000122070312;72.23999786376953;363445;0.0;0.0
2024-01-10;72.16999816894531;73.58999633789062;71.01000213623047;71.37000274658203;352772;0.0;0.0
2024-01-11;71.33000183105469;73.80999755859375;71.16999816894531;72.0199966430664;373645;0.0;0.0
2024-01-12;73.01000213623047;75.25;72.36000061035156;72.68000030517578;403636;0.0;0.0
2024-01-16;72.62999725341797;73.55999755859375;71.2300033569336;72.4000015258789;430437;0.0;0.0
2024-01-17;72.0;72.94999694824219;70.5;72.55999755859375;315679;0.0;0.0
2024-01-18;72.77999877929688;74.37999725341797;72.18000030517578;74.08000183105469;86646;0.0;0.0
2024-01-19;74.08000183105469;74.91000366210938;73.19999694824219;73.41000366210938;78234;0.0;0.0
2024-01-22;73.41000366210938;75.75;72.88999938964844;75.19000244140625;372284;0.0;0.0
2024-01-23;74.68000030517578;75.25;73.41000366210938;74.37000274658203;306060;0.0;0.0
2024-01-24;74.56999969482422;75.83000183105469;73.94000244140625;75.08999633789062;323726;0.0;0.0
2024-01-25;75.30000305175781;77.51000213623047;75.16000366210938;77.36000061035156;320177;0.0;0.0
2024-01-26;77.1500015258789;78.26000213623047;76.05999755859375;78.01000213623047;365456;0.0;0.0
2024-01-29;78.9000015258789;79.29000091552734;76.41000366210938;76.77999877929688;331925;0.0;0.0
2024-01-30;77.0199966430664;78.13999938964844;75.8499984741211;77.81999969482422;347242;0.0;0.0
2024-01-31;77.83999633789062;78.11000061035156;75.5199966430664;75.8499984741211;344493;0.0;0.0
2024-02-01;75.95999908447266;76.94999694824219;73.69999694824219;73.81999969482422;577936;0.0;0.0
2024-02-02;73.91000366210938;74.5199966430664;71.79000091552734;72.27999877929688;467768;0.0;0.0
2024-02-05;72.75;73.27999877929688;71.41000366210938;72.77999877929688;350843;0.0;0.0
2024-02-06;72.76000213623047;73.81999969482422;72.37999725341797;73.30999755859375;310955;0.0;0.0
2024-02-07;73.5;74.22000122070312;73.2300033569336;73.86000061035156;294955;0.0;0.0
2024-02-08;74.08000183105469;76.58999633789062;73.55999755859375;76.22000122070312;377906;0.0;0.0
2024-02-09;76.41999816894531;77.29000091552734;75.93000030517578;76.83999633789062;302612;0.0;0.0
2024-02-12;76.5999984741211;77.08999633789062;75.54000091552734;76.91999816894531;248476;0.0;0.0
2024-02-13;77.02999877929688;78.47000122070312;76.87000274658203;77.87000274658203;338174;0.0;0.0
2024-02-14;77.80999755859375;78.7699966430664;76.37999725341797;76.63999938964844;296131;0.0;0.0
2024-02-15;76.5999984741211;78.44000244140625;75.77999877929688;78.02999877929688;122432;0.0;0.0
2024-02-16;78.11000061035156;79.3499984741211;77.22000122070312;79.19000244140625;113713;0.0;0.0
2024-02-20;78.9800033569336;79.80000305175781;77.66999816894531;78.18000030517578;435235;0.0;0.0
2024-02-21;77.1500015258789;78.08000183105469;76.31999969482422;77.91000366210938;323243;0.0;0.0
2024-02-22;78.08999633789062;78.91999816894531;77.2300033569336;78.61000061035156;330511;0.0;0.0
2024-02-23;78.37000274658203;78.38999938964844;76.3499984741211;76.48999786376953;353437;0.0;0.0
2024-02-26;76.4000015258789;78.02999877929688;75.83999633789062;77.58000183105469;274710;0.0;0.0
2024-02-27;77.62000274658203;79.0;77.16999816894531;78.87000274658203;269236;0.0;0.0
2024-02-28;78.4800033569336;79.62000274658203;77.77999877929688;78.54000091552734;330043;0.0;0.0
2024-02-29;78.19999694824219;79.27999877929688;77.94000244140625;78.26000213623047;317939;0.0;0.0
2024-03-01;78.27999877929688;80.8499984741211;78.05000305175781;79.97000122070312;363417;0.0;0.0
2024-03-04;80.13999938964844;80.41000366210938;78.55999755859375;78.73999786376953;347214;0.0;0.0
2024-03-05;78.73999786376953;79.48999786376953;77.5199966430664;78.1500015258789;436521;0.0;0.0
2024-03-06;78.1500015258789;80.66999816894531;77.98999786376953;79.12999725341797;371049;0.0;0.0
2024-03-07;79.12999725341797;79.52999877929688;78.0199966430664;78.93000030517578;432923;0.0;0.0
2024-03-08;79.51000213623047;79.98999786376953;77.55999755859375;78.01000213623047;347533;0.0;0.0
2024-03-11;77.80000305175781;78.47000122070312;76.79000091552734;77.93000030517578;329873;0.0;0.0
2024-03-12;78.08999633789062;78.7300033569336;77.33999633789062;77.55999755859375;309922;0.0;0.0
2024-03-13;78.05999755859375;79.9000015258789;77.56999969482422;79.72000122070312;316390;0.0;0.0
2024-03-14;79.62999725341797;81.62000274658203;79.56999969482422;81.26000213623047;297450;0.0;0.0
2024-03-15;81.13999938964844;81.44999694824219;80.48999786376953;81.04000091552734;185078;0.0;0.0
2024-03-18;81.02999877929688;83.08999633789062;81.01000213623047;82.72000122070312;84718;0.0;0.0
2024-03-19;82.8499984741211;83.8499984741211;82.38999938964844;83.47000122070312;76814;0.0;0.0
2024-03-20;83.19999694824219;83.20999908447266;81.44000244140625;81.68000030517578;351161;0.0;0.0
2024-03-21;81.48999786376953;81.91999816894531;80.30000305175781;81.06999969482422;266860;0.0;0.0
2024-03-22;80.83999633789062;81.44999694824219;80.41999816894531;80.62999725341797;231101;0.0;0.0
2024-03-25;80.8499984741211;82.4800033569336;80.58999633789062;81.94999694824219;300360;0.0;0.0
2024-03-26;81.94000244140625;82.36000061035156;81.22000122070312;81.62000274658203;235845;0.0;0.0
2024-03-27;81.29000091552734;81.73999786376953;80.55000305175781;81.3499984741211;249964;0.0;0.0
2024-03-28;81.70999908447266;83.20999908447266;81.5199966430664;83.16999816894531;293774;0.0;0.0
2024-04-01;83.13999938964844;84.48999786376953;82.5999984741211;83.70999908447266;321059;0.0;0.0
2024-04-02;84.04000091552734;85.5;83.8499984741211;85.1500015258789;344040;0.0;0.0
2024-04-03;85.45999908447266;86.19999694824219;84.8499984741211;85.43000030517578;322549;0.0;0.0
2024-04-04;85.66000366210938;87.22000122070312;84.63999938964844;86.58999633789062;359534;0.0;0.0
2024-04-05;86.86000061035156;87.62999725341797;86.31999969482422;86.91000366210938;353206;0.0;0.0
2024-04-08;86.0999984741211;87.0999984741211;84.69000244140625;86.43000030517578;393734;0.0;0.0
2024-04-09;86.58999633789062;86.9800033569336;85.08999633789062;85.2300033569336;314994;0.0;0.0
2024-04-10;85.33999633789062;86.37999725341797;84.55000305175781;86.20999908447266;373939;0.0;0.0
2024-04-11;86.31999969482422;86.62999725341797;84.83999633789062;85.0199966430664;388128;0.0;0.0
2024-04-12;85.5999984741211;87.66999816894531;85.23999786376953;85.66000366210938;369958;0.0;0.0
2024-04-15;85.93000030517578;86.11000061035156;84.05000305175781;85.41000366210938;343894;0.0;0.0
2024-04-16;85.69999694824219;86.18000030517578;84.75;85.36000061035156;241343;0.0;0.0
2024-04-17;85.36000061035156;85.51000213623047;82.55000305175781;82.69000244140625;259540;0.0;0.0
2024-04-18;82.79000091552734;83.47000122070312;81.55999755859375;82.7300033569336;84468;0.0;0.0
2024-04-19;82.62000274658203;86.27999877929688;81.80000305175781;83.13999938964844;76901;0.0;0.0
2024-04-22;83.05000305175781;83.3499984741211;81.8499984741211;82.8499984741211;313914;0.0;0.0
2024-04-23;82.12999725341797;83.43000030517578;80.87999725341797;83.36000061035156;355814;0.0;0.0
2024-04-24;83.4000015258789;83.70999908447266;82.44000244140625;82.80999755859375;329077;0.0;0.0
2024-04-25;82.83000183105469;83.83000183105469;81.98999786376953;83.56999969482422;314116;0.0;0.0
2024-04-26;83.80999755859375;84.45999908447266;83.3499984741211;83.8499984741211;244090;0.0;0.0
2024-04-29;83.69000244140625;83.91000366210938;82.4000015258789;82.62999725341797;336984;0.0;0.0
2024-04-30;82.76000213623047;83.30000305175781;80.94999694824219;81.93000030517578;400680;0.0;0.0
2024-05-01;81.4800033569336;81.56999969482422;78.83000183105469;79.0;441978;0.0;0.0
2024-05-02;79.1500015258789;79.9000015258789;78.41000366210938;78.94999694824219;359652;0.0;0.0
2024-05-03;79.06999969482422;79.62999725341797;77.95999908447266;78.11000061035156;324438;0.0;0.0
2024-05-06;78.16000366210938;79.08999633789062;77.91000366210938;78.4800033569336;297369;0.0;0.0
2024-05-07;78.72000122070312;79.16999816894531;77.55000305175781;78.37999725341797;327593;0.0;0.0
2024-05-08;78.33999633789062;79.2699966430664;76.88999938964844;78.98999786376953;355449;0.0;0.0
2024-05-09;79.2300033569336;79.80000305175781;78.91000366210938;79.26000213623047;272712;0.0;0.0
2024-05-10;79.58999633789062;79.95999908447266;78.13999938964844;78.26000213623047;281169;0.0;0.0
2024-05-13;78.18000030517578;79.48999786376953;77.77999877929688;79.12000274658203;287701;0.0;0.0
2024-05-14;79.2300033569336;79.37999725341797;77.68000030517578;78.0199966430664;307410;0.0;0.0
2024-05-15;78.44000244140625;78.91999816894531;76.69999694824219;78.62999725341797;321267;0.0;0.0
2024-05-16;78.83999633789062;79.8499984741211;78.19999694824219;79.2300033569336;230277;0.0;0.0
2024-05-17;79.37999725341797;80.13999938964844;79.0;80.05999755859375;94152;0.0;0.0
2024-05-20;80.01000213623047;80.5999984741211;79.16999816894531;79.80000305175781;85072;0.0;0.0
2024-05-21;79.69999694824219;79.72000122070312;78.08000183105469;79.26000213623047;371672;0.0;0.0
2024-05-22;78.20999908447266;78.41000366210938;77.25;77.56999969482422;314145;0.0;0.0
2024-05-23;77.29000091552734;78.66000366210938;76.43000030517578;76.87000274658203;330273;0.0;0.0
2024-05-24;77.04000091552734;78.05000305175781;76.1500015258789;77.72000122070312;299075;0.0;0.0
2024-05-28;77.80999755859375;80.29000091552734;77.69000244140625;79.83000183105469;334074;0.0;0.0
2024-05-29;80.26000213623047;80.62000274658203;78.98999786376953;79.2300033569336;259594;0.0;0.0
2024-05-30;79.27999877929688;79.41999816894531;77.62999725341797;77.91000366210938;373779;0.0;0.0
2024-05-31;77.91000366210938;78.62000274658203;76.66999816894531;76.98999786376953;345120;0.0;0.0
2024-06-03;76.97000122070312;77.5199966430664;73.9800033569336;74.22000122070312;443271;0.0;0.0
2024-06-04;74.0199966430664;74.12999725341797;72.4800033569336;73.25;408721;0.0;0.0
2024-06-05;72.9000015258789;74.33000183105469;72.81999969482422;74.06999969482422;307701;0.0;0.0
2024-06-06;74.30000305175781;75.79000091552734;74.05999755859375;75.55000305175781;291082;0.0;0.0
2024-06-07;75.66999816894531;76.25;75.20999908447266;75.52999877929688;280253;0.0;0.0
2024-06-10;75.3499984741211;78.29000091552734;75.2300033569336;77.73999786376953;317031;0.0;0.0
2024-06-11;78.12000274658203;78.36000061035156;77.22000122070312;77.9000015258789;314874;0.0;0.0
2024-06-12;78.22000122070312;79.31999969482422;77.87999725341797;78.5;322285;0.0;0.0
2024-06-13;78.37000274658203;78.88999938964844;77.66999816894531;78.62000274658203;307638;0.0;0.0
2024-06-14;77.95999908447266;79.1500015258789;77.7300033569336;78.44999694824219;245827;0.0;0.0
2024-06-17;78.4800033569336;80.66000366210938;77.9800033569336;80.33000183105469;126733;0.0;0.0
2024-06-18;80.43000030517578;81.66999816894531;79.7699966430664;81.56999969482422;140709;0.0;0.0
2024-06-20;81.5199966430664;82.41000366210938;81.12999725341797;82.16999816894531;420499;0.0;0.0
2024-06-21;81.2699966430664;81.79000091552734;80.3499984741211;80.7300033569336;290500;0.0;0.0
2024-06-24;80.44999694824219;81.77999877929688;80.2300033569336;81.62999725341797;271745;0.0;0.0
2024-06-25;81.69999694824219;81.9000015258789;80.55000305175781;80.83000183105469;286038;0.0;0.0
2024-06-26;80.72000122070312;81.62999725341797;80.18000030517578;80.9000015258789;308410;0.0;0.0
2024-06-27;80.86000061035156;82.04000091552734;80.51000213623047;81.73999786376953;306342;0.0;0.0
2024-06-28;81.86000061035156;82.72000122070312;80.97000122070312;81.54000091552734;260252;0.0;0.0
2024-07-01;81.44999694824219;83.63999938964844;81.37999725341797;83.37999725341797;345780;0.0;0.0
2024-07-02;83.43000030517578;84.37999725341797;82.72000122070312;82.80999755859375;367787;0.0;0.0
2024-07-03;83.19999694824219;83.93000030517578;82.45999908447266;83.87999725341797;289685;0.0;0.0
2024-07-05;83.5999984741211;84.5199966430664;83.0199966430664;83.16000366210938;361357;0.0;0.0
2024-07-08;83.1500015258789;83.31999969482422;82.08000183105469;82.33000183105469;251774;0.0;0.0
2024-07-09;82.22000122070312;82.4800033569336;81.25;81.41000366210938;297325;0.0;0.0
2024-07-10;81.80999755859375;82.66000366210938;80.80999755859375;82.0999984741211;334380;0.0;0.0
2024-07-11;82.4000015258789;83.12999725341797;81.62999725341797;82.62000274658203;324170;0.0;0.0
2024-07-12;82.86000061035156;83.73999786376953;82.0999984741211;82.20999908447266;370062;0.0;0.0
2024-07-15;82.16000366210938;82.58000183105469;81.47000122070312;81.91000366210938;296520;0.0;0.0
2024-07-16;81.91999816894531;81.93000030517578;80.22000122070312;80.76000213623047;308186;0.0;0.0
2024-07-17;80.8499984741211;83.0999984741211;80.44999694824219;82.8499984741211;257437;0.0;0.0
2024-07-18;83.11000061035156;83.81999969482422;82.04000091552734;82.81999969482422;95704;0.0;0.0
2024-07-19;82.47000122070312;82.87999725341797;80.06999969482422;80.12999725341797;83795;0.0;0.0
2024-07-22;80.38999938964844;80.69000244140625;79.16999816894531;79.77999877929688;345235;0.0;0.0
2024-07-23;78.2699966430664;78.7300033569336;76.4000015258789;76.95999908447266;417941;0.0;0.0
2024-07-24;77.44999694824219;78.19000244140625;76.9800033569336;77.58999633789062;355971;0.0;0.0
2024-07-25;77.5;78.47000122070312;76.04000091552734;78.27999877929688;457288;0.0;0.0
2024-07-26;78.3499984741211;78.5999984741211;76.19000244140625;77.16000366210938;365121;0.0;0.0
2024-07-29;77.30000305175781;77.69000244140625;75.3499984741211;75.80999755859375;362635;0.0;0.0
2024-07-30;75.91000366210938;75.97000122070312;74.58999633789062;74.7300033569336;419478;0.0;0.0
2024-07-31;75.23999786376953;78.66000366210938;75.18000030517578;77.91000366210938;460315;0.0;0.0
2024-08-01;78.58999633789062;78.87999725341797;76.23999786376953;76.30999755859375;383014;0.0;0.0
2024-08-02;76.87000274658203;77.29000091552734;72.97000122070312;73.5199966430664;467786;0.0;0.0
2024-08-05;74.20999908447266;74.45999908447266;71.66999816894531;72.94000244140625;500151;0.0;0.0
2024-08-06;73.86000061035156;74.55999755859375;72.19999694824219;73.19999694824219;352250;0.0;0.0
2024-08-07;72.83999633789062;75.83999633789062;72.58000183105469;75.2300033569336;427995;0.0;0.0
2024-08-08;75.47000122070312;76.5199966430664;74.5999984741211;76.19000244140625;327301;0.0;0.0
2024-08-09;76.0199966430664;77.08999633789062;75.8499984741211;76.83999633789062;263007;0.0;0.0
2024-08-12;76.98999786376953;80.16000366210938;76.69999694824219;80.05999755859375;376747;0.0;0.0
2024-08-13;79.73999786376953;80.1500015258789;78.16000366210938;78.3499984741211;370763;0.0;0.0
2024-08-14;78.7300033569336;79.0999984741211;76.83000183105469;76.9800033569336;357636;0.0;0.0
2024-08-15;77.5199966430664;78.5999984741211;76.93000030517578;78.16000366210938;195122;0.0;0.0
2024-08-16;78.16000366210938;78.16000366210938;75.54000091552734;76.6500015258789;100810;0.0;0.0
2024-08-19;76.58000183105469;76.87000274658203;74.16999816894531;74.37000274658203;118172;0.0;0.0
2024-08-20;74.33999633789062;75.02999877929688;73.5;74.04000091552734;329276;0.0;0.0
2024-08-21;73.12000274658203;74.16000366210938;71.45999908447266;71.93000030517578;390527;0.0;0.0
2024-08-22;71.93000030517578;73.5199966430664;71.58000183105469;73.01000213623047;334117;0.0;0.0
2024-08-23;72.95999908447266;75.06999969482422;72.83000183105469;74.83000183105469;313764;0.0;0.0
2024-08-26;75.0999984741211;77.5999984741211;75.04000091552734;77.41999816894531;409675;0.0;0.0
2024-08-27;77.19999694824219;77.4800033569336;75.4000015258789;75.52999877929688;331162;0.0;0.0
2024-08-28;75.75;75.94999694824219;73.81999969482422;74.5199966430664;337361;0.0;0.0
2024-08-29;74.41999816894531;76.91000366210938;74.05000305175781;75.91000366210938;408147;0.0;0.0
2024-08-30;75.87000274658203;76.58999633789062;73.36000061035156;73.55000305175781;427273;0.0;0.0
2024-09-03;73.52999877929688;74.41000366210938;70.0999984741211;70.33999633789062;546617;0.0;0.0
2024-09-04;70.27999877929688;71.45999908447266;68.81999969482422;69.19999694824219;482025;0.0;0.0
2024-09-05;69.2699966430664;70.81999969482422;68.75;69.1500015258789;405596;0.0;0.0
2024-09-06;69.33000183105469;70.12999725341797;67.16999816894531;67.66999816894531;351074;0.0;0.0
2024-09-09;68.12999725341797;68.95999908447266;67.30999755859375;68.70999908447266;351074;0.0;0.0
2024-09-10;68.77999877929688;69.08000183105469;65.2699966430664;65.75;442855;0.0;0.0
2024-09-11;66.27999877929688;67.97000122070312;65.62999725341797;67.30999755859375;393311;0.0;0.0
2024-09-12;67.38999938964844;69.80999755859375;67.23999786376953;68.97000122070312;351976;0.0;0.0
2024-09-13;69.30999755859375;70.31999969482422;68.47000122070312;68.6500015258789;308983;0.0;0.0
2024-09-16;69.16000366210938;70.69999694824219;68.6500015258789;70.08999633789062;295176;0.0;0.0
2024-09-17;70.5;71.91999816894531;69.61000061035156;71.19000244140625;251629;0.0;0.0
2024-09-18;71.13999938964844;71.4800033569336;69.7300033569336;70.91000366210938;102907;0.0;0.0
2024-09-19;70.12999725341797;72.48999786376953;70.12999725341797;71.94999694824219;86630;0.0;0.0
2024-09-20;72.0999984741211;72.4000015258789;71.36000061035156;71.91999816894531;306997;0.0;0.0
2024-09-23;71.30999755859375;71.80999755859375;69.48999786376953;70.37000274658203;338267;0.0;0.0
2024-09-24;70.76000213623047;72.4000015258789;70.44000244140625;71.55999755859375;318516;0.0;0.0
2024-09-25;71.54000091552734;71.72000122070312;69.2300033569336;69.69000244140625;476237;0.0;0.0
2024-09-26;69.88999938964844;70.01000213623047;66.94999694824219;67.66999816894531;478069;0.0;0.0
2024-09-27;67.44999694824219;68.6500015258789;67.05999755859375;68.18000030517578;341133;0.0;0.0
2024-09-30;68.62999725341797;69.31999969482422;67.56999969482422;68.16999816894531;350115;0.0;0.0
2024-10-01;68.41000366210938;71.94000244140625;66.33000183105469;69.83000183105469;668216;0.0;0.0
2024-10-02;70.80000305175781;72.48999786376953;69.87000274658203;70.0999984741211;429225;0.0;0.0
2024-10-03;70.9800033569336;74.08999633789062;70.5199966430664;73.70999908447266;460554;0.0;0.0
2024-10-04;73.94999694824219;75.56999969482422;73.45999908447266;74.37999725341797;428815;0.0;0.0
2024-10-07;74.4000015258789;77.4000015258789;73.62000274658203;77.13999938964844;419018;0.0;0.0
2024-10-08;77.33000183105469;78.45999908447266;72.69000244140625;73.56999969482422;496760;0.0;0.0
2024-10-09;73.83999633789062;74.44999694824219;71.52999877929688;73.23999786376953;401159;0.0;0.0
2024-10-10;73.38999938964844;76.23999786376953;73.26000213623047;75.8499984741211;321453;0.0;0.0
2024-10-11;75.73999786376953;76.04000091552734;74.52999877929688;75.55999755859375;315302;0.0;0.0
2024-10-14;75.05000305175781;75.08000183105469;71.80999755859375;73.83000183105469;273455;0.0;0.0
2024-10-15;71.51000213623047;72.12000274658203;69.70999908447266;70.58000183105469;328738;0.0;0.0
2024-10-16;70.98999786376953;71.30999755859375;69.63999938964844;70.38999938964844;222437;0.0;0.0
2024-10-17;70.68000030517578;71.11000061035156;69.44000244140625;70.66999816894531;188161;0.0;0.0
2024-10-18;70.75;71.2300033569336;68.69000244140625;69.22000122070312;95768;0.0;0.0
2024-10-21;69.45999908447266;71.02999877929688;69.0;70.55999755859375;92584;0.0;0.0
2024-10-22;70.48999786376953;72.66000366210938;70.05000305175781;72.08999633789062;330456;0.0;0.0
2024-10-23;71.3499984741211;71.72000122070312;70.12999725341797;70.7699966430664;293835;0.0;0.0
2024-10-24;71.0199966430664;72.33999633789062;69.7699966430664;70.19000244140625;286571;0.0;0.0
2024-10-25;70.33000183105469;71.91999816894531;69.95999908447266;71.77999877929688;287189;0.0;0.0
2024-10-28;68.9800033569336;69.0;66.91999816894531;67.37999725341797;419623;0.0;0.0
2024-10-29;68.0199966430664;68.5199966430664;66.72000122070312;67.20999908447266;291929;0.0;0.0
2024-10-30;67.47000122070312;69.16999816894531;67.27999877929688;68.61000061035156;284795;0.0;0.0
2024-10-31;69.0999984741211;70.80999755859375;68.30000305175781;69.26000213623047;311055;0.0;0.0
2024-11-01;70.44000244140625;71.44999694824219;69.31999969482422;69.48999786376953;320572;0.0;0.0
2024-11-04;70.29000091552734;71.80999755859375;70.25;71.47000122070312;286947;0.0;0.0
2024-11-05;71.62000274658203;72.66999816894531;71.29000091552734;71.98999786376953;247311;0.0;0.0
2024-11-06;72.0199966430664;72.62999725341797;69.73999786376953;71.69000244140625;388265;0.0;0.0
2024-11-07;71.87000274658203;72.87999725341797;70.66000366210938;72.36000061035156;353595;0.0;0.0
2024-11-08;72.20999908447266;72.25;69.98999786376953;70.37999725341797;362038;0.0;0.0
2024-11-11;70.25;70.55999755859375;67.91999816894531;68.04000091552734;364506;0.0;0.0
2024-11-12;68.1500015258789;69.12999725341797;67.75;68.12000274658203;286926;0.0;0.0
2024-11-13;67.9800033569336;68.86000061035156;66.94000244140625;68.43000030517578;386027;0.0;0.0
2024-11-14;68.12999725341797;69.38999938964844;67.91999816894531;68.69999694824219;232270;0.0;0.0
2024-11-15;68.62000274658203;68.69000244140625;66.81999969482422;67.0199966430664;205235;0.0;0.0
2024-11-18;66.86000061035156;69.38999938964844;66.61000061035156;69.16000366210938;110375;0.0;0.0
2024-11-19;69.01000213623047;69.69000244140625;68.44999694824219;69.38999938964844;89360;0.0;0.0
2024-11-20;69.55000305175781;70.1500015258789;68.75;68.87000274658203;235637;0.0;0.0
2024-11-21;69.04000091552734;70.37999725341797;68.86000061035156;70.0999984741211;283850;0.0;0.0
2024-11-22;70.18000030517578;71.51000213623047;69.29000091552734;71.23999786376953;408207;0.0;0.0
2024-11-25;71.44000244140625;71.4800033569336;68.73999786376953;68.94000244140625;380922;0.0;0.0
2024-11-26;69.08000183105469;70.30000305175781;68.05000305175781;68.7699966430664;292138;0.0;0.0
2024-11-27;68.91000366210938;69.37000274658203;68.18000030517578;68.72000122070312;227215;0.0;0.0
2024-11-29;68.7699966430664;69.69000244140625;67.87000274658203;68.0;291408;0.0;0.0
2024-12-02;68.0;69.11000061035156;67.70999908447266;68.0999984741211;264883;0.0;0.0
2024-12-03;68.16000366210938;70.2300033569336;67.91000366210938;69.94000244140625;303752;0.0;0.0
2024-12-04;70.0199966430664;70.51000213623047;68.48999786376953;68.54000091552734;325636;0.0;0.0
2024-12-05;68.73999786376953;69.16000366210938;67.9800033569336;68.30000305175781;286701;0.0;0.0
2024-12-06;68.44000244140625;68.48999786376953;66.9800033569336;67.19999694824219;341593;0.0;0.0
2024-12-09;67.1500015258789;68.87999725341797;67.08000183105469;68.37000274658203;297085;0.0;0.0
2024-12-10;68.19000244140625;69.05999755859375;67.72000122070312;68.58999633789062;286003;0.0;0.0
2024-12-11;68.5;70.52999877929688;68.44000244140625;70.29000091552734;335892;0.0;0.0
2024-12-12;70.43000030517578;70.72000122070312;69.13999938964844;70.0199966430664;326046;0.0;0.0
2024-12-13;70.05999755859375;71.41999816894531;69.87000274658203;71.29000091552734;230429;0.0;0.0
2024-12-16;71.44000244140625;71.44000244140625;70.37000274658203;70.70999908447266;204296;0.0;0.0
2024-12-17;70.61000061035156;70.91999816894531;69.18000030517578;70.08000183105469;99604;0.0;0.0
2024-12-18;70.22000122070312;71.37999725341797;69.98999786376953;70.58000183105469;99386;0.0;0.0
2024-12-19;70.13999938964844;71.26000213623047;69.69999694824219;69.91000366210938;291660;0.0;0.0
2024-12-20;69.2300033569336;69.8499984741211;68.41999816894531;69.45999908447266;231592;0.0;0.0
2024-12-23;69.4000015258789;69.94000244140625;68.58999633789062;69.23999786376953;188843;0.0;0.0
2024-12-24;69.55999755859375;70.43000030517578;69.36000061035156;70.0999984741211;122602;0.0;0.0
2024-12-26;70.19999694824219;70.75;69.33000183105469;69.62000274658203;144877;0.0;0.0
2024-12-27;69.68000030517578;70.75;69.44000244140625;70.5999984741211;172641;0.0;0.0
2024-12-30;70.41999816894531;71.55999755859375;70.12000274658203;70.98999786376953;199296;0.0;0.0
2024-12-31;71.1500015258789;72.0199966430664;70.87000274658203;71.72000122070312;151155;0.0;0.0
2025-01-02;71.8499984741211;73.7300033569336;71.79000091552734;73.12999725341797;306498;0.0;0.0
2025-01-03;73.12999725341797;74.3499984741211;72.69999694824219;73.95999908447266;296040;0.0;0.0
2025-01-06;74.05000305175781;74.98999786376953;73.19999694824219;73.55999755859375;306042;0.0;0.0
2025-01-07;73.44000244140625;74.52999877929688;73.11000061035156;74.25;277328;0.0;0.0
2025-01-08;74.5199966430664;75.29000091552734;73.16000366210938;73.31999969482422;328617;0.0;0.0
2025-01-09;73.31999969482422;74.31999969482422;72.83999633789062;73.91999816894531;213421;0.0;0.0
2025-01-10;74.29000091552734;77.86000061035156;74.0199966430664;76.56999969482422;478432;0.0;0.0
2025-01-13;76.54000091552734;79.2699966430664;76.54000091552734;78.81999969482422;460942;0.0;0.0
2025-01-14;78.81999969482422;79.08999633789062;77.41000366210938;77.5;326729;0.0;0.0
2025-01-15;78.02999877929688;80.7699966430664;77.23999786376953;80.04000091552734;321422;0.0;0.0
2025-01-16;80.4000015258789;80.58999633789062;77.87000274658203;78.68000030517578;159948;0.0;0.0
2025-01-17;78.75;79.44000244140625;77.76000213623047;77.87999725341797;112409;0.0;0.0
2025-01-21;78.19000244140625;78.47000122070312;75.48999786376953;75.88999938964844;568807;0.0;0.0
2025-01-22;75.87999725341797;76.44999694824219;75.27999877929688;75.44000244140625;315333;0.0;0.0
2025-01-23;75.38999938964844;76.0;74.13999938964844;74.62000274658203;350688;0.0;0.0
2025-01-24;74.30000305175781;75.20999908447266;74.01000213623047;74.66000366210938;319679;0.0;0.0
2025-01-27;74.54000091552734;75.1500015258789;72.37999725341797;73.16999816894531;334418;0.0;0.0
2025-01-28;73.1500015258789;74.30999755859375;72.93000030517578;73.7699966430664;326075;0.0;0.0
2025-01-29;73.94999694824219;74.08000183105469;72.33000183105469;72.62000274658203;312733;0.0;0.0
2025-01-30;73.0;73.83999633789062;72.0199966430664;72.7300033569336;336475;0.0;0.0
2025-01-31;73.19999694824219;73.83999633789062;71.94000244140625;72.52999877929688;376335;0.0;0.0
2025-02-03;74.13999938964844;75.18000030517578;72.05000305175781;73.16000366210938;517853;0.0;0.0
2025-02-04;72.3499984741211;73.3499984741211;70.66999816894531;72.69999694824219;452961;0.0;0.0
2025-02-05;72.76000213623047;72.97000122070312;70.95999908447266;71.02999877929688;289902;0.0;0.0
2025-02-06;71.18000030517578;71.8499984741211;70.43000030517578;70.61000061035156;299037;0.0;0.0
2025-02-07;70.55999755859375;71.41000366210938;70.47000122070312;71.0;273766;0.0;0.0
2025-02-10;71.0;72.54000091552734;70.83999633789062;72.31999969482422;255941;0.0;0.0
2025-02-11;72.48999786376953;73.68000030517578;72.30999755859375;73.31999969482422;266819;0.0;0.0
2025-02-12;73.19999694824219;73.22000122070312;71.16999816894531;71.37000274658203;318123;0.0;0.0
2025-02-13;71.23999786376953;71.5999984741211;70.22000122070312;71.29000091552734;278197;0.0;0.0
2025-02-14;71.5199966430664;72.0199966430664;70.5199966430664;70.73999786376953;207719;0.0;0.0
2025-02-18;70.69999694824219;72.06999969482422;70.12000274658203;71.8499984741211;130937;0.0;0.0
2025-02-19;71.77999877929688;73.04000091552734;71.70999908447266;72.25;69012;0.0;0.0
2025-02-20;72.18000030517578;73.25;71.8499984741211;72.56999969482422;240060;0.0;0.0
2025-02-21;72.58000183105469;72.7699966430664;70.16999816894531;70.4000015258789;268470;0.0;0.0
2025-02-24;69.80000305175781;70.94000244140625;69.80000305175781;70.69999694824219;205468;0.0;0.0
2025-02-25;70.91999816894531;71.26000213623047;68.68000030517578;68.93000030517578;267310;0.0;0.0
2025-02-26;69.11000061035156;69.27999877929688;68.36000061035156;68.62000274658203;255601;0.0;0.0
2025-02-27;68.81999969482422;70.54000091552734;68.61000061035156;70.3499984741211;265933;0.0;0.0
2025-02-28;70.16999816894531;70.29000091552734;69.13999938964844;69.76000213623047;250074;0.0;0.0
2025-03-03;69.94999694824219;70.5999984741211;67.88999938964844;68.37000274658203;332751;0.0;0.0
2025-03-04;68.45999908447266;68.55999755859375;66.7699966430664;68.26000213623047;386750;0.0;0.0
2025-03-05;68.08000183105469;68.0999984741211;65.22000122070312;66.30999755859375;382493;0.0;0.0
2025-03-06;66.38999938964844;67.08999633789062;65.58999633789062;66.36000061035156;341632;0.0;0.0
2025-03-07;66.33999633789062;68.22000122070312;66.12000274658203;67.04000091552734;329710;0.0;0.0
2025-03-10;67.11000061035156;67.5999984741211;65.80000305175781;66.02999877929688;249633;0.0;0.0
2025-03-11;65.94999694824219;67.16999816894531;65.29000091552734;66.25;222511;0.0;0.0
2025-03-12;66.62000274658203;67.87999725341797;66.1500015258789;67.68000030517578;246675;0.0;0.0
2025-03-13;67.69000244140625;67.94000244140625;66.37000274658203;66.55000305175781;268590;0.0;0.0
2025-03-14;66.77999877929688;67.4800033569336;66.58999633789062;67.18000030517578;180495;0.0;0.0
2025-03-17;67.3499984741211;68.37000274658203;67.25;67.58000183105469;161298;0.0;0.0
2025-03-18;67.4000015258789;68.72000122070312;66.55999755859375;66.9000015258789;110338;0.0;0.0
2025-03-19;66.72000122070312;67.62999725341797;66.20999908447266;67.16000366210938;73077;0.0;0.0
2025-03-20;67.29000091552734;68.47000122070312;66.87999725341797;68.26000213623047;283376;0.0;0.0
2025-03-21;68.3499984741211;68.6500015258789;67.6500015258789;68.27999877929688;198964;0.0;0.0
2025-03-24;68.3499984741211;69.33000183105469;67.94999694824219;69.11000061035156;247024;0.0;0.0
2025-03-25;69.16000366210938;69.68000030517578;68.5199966430664;69.0;258411;0.0;0.0
2025-03-26;69.16000366210938;70.22000122070312;69.05999755859375;69.6500015258789;262413;0.0;0.0
2025-03-27;69.95999908447266;69.97000122070312;69.12000274658203;69.91999816894531;211825;0.0;0.0
2025-03-28;69.91000366210938;70.08999633789062;68.87000274658203;69.36000061035156;246650;0.0;0.0
2025-03-31;69.43000030517578;71.83000183105469;68.80999755859375;71.4800033569336;313087;0.0;0.0
2025-04-01;71.38999938964844;72.0999984741211;71.02999877929688;71.19999694824219;272832;0.0;0.0
2025-04-02;71.19999694824219;72.27999877929688;70.58999633789062;71.70999908447266;272832;0.0;0.0
2025-04-03;70.37999725341797;70.41000366210938;68.9800033569336;69.30999755859375;76896;0.0;0.0
